"동별(1)",동별(2),동별(3),2022,2022,2022,2022,2022,2022,2022,2022,2022
"동별(1)",동별(2),동별(3),계 (명),계 (명),계 (명),한국인 (명),한국인 (명),한국인 (명),등록외국인 (명),등록외국인 (명),등록외국인 (명)
"동별(1)",동별(2),동별(3),소계,남자,여자,소계,남자,여자,소계,남자,여자
"합계",소계,소계,9667669,4675560,4992109,9428372,4570048,4858324,239297,105512,133785
"합계",종로구,소계,152211,72980,79231,141379,68395,72984,10832,4585,6247
"합계",종로구,사직동,9355,4191,5164,9087,4038,5049,268,153,115
"합계",종로구,삼청동,2642,1263,1379,2331,1112,1219,311,151,160
"합계",종로구,부암동,9536,4545,4991,9241,4382,4859,295,163,132
"합계",종로구,평창동,17858,8336,9522,17663,8236,9427,195,100,95
"합계",종로구,무악동,8052,3720,4332,8023,3708,4315,29,12,17
"합계",종로구,교남동,9994,4622,5372,9816,4528,5288,178,94,84
"합계",종로구,가회동,4065,1881,2184,3941,1821,2120,124,60,64
"합계",종로구,종로1.2.3.4가동,8700,5044,3656,6728,4095,2633,1972,949,1023
"합계",종로구,종로5.6가동,5817,3064,2753,5300,2797,2503,517,267,250
"합계",종로구,이화동,7631,3559,4072,7101,3360,3741,530,199,331
"합계",종로구,창신1동,5383,2844,2539,4646,2465,2181,737,379,358
"합계",종로구,창신2동,8796,4485,4311,7706,3962,3744,1090,523,567
"합계",종로구,창신3동,6606,3262,3344,6449,3177,3272,157,85,72
"합계",종로구,숭인1동,6057,2889,3168,5769,2783,2986,288,106,182
"합계",종로구,숭인2동,10509,5052,5457,9807,4838,4969,702,214,488
"합계",종로구,청운효자동,11818,5448,6370,11628,5347,6281,190,101,89
"합계",종로구,혜화동,19392,8775,10617,16143,7746,8397,3249,1029,2220
"합계",중구,소계,130785,63377,67408,120437,58563,61874,10348,4814,5534
"합계",중구,소공동,3578,1807,1771,2244,1075,1169,1334,732,602
"합계",중구,회현동,5222,2694,2528,4544,2352,2192,678,342,336
"합계",중구,명동,3638,1637,2001,2739,1188,1551,899,449,450
"합계",중구,필동,4816,2439,2377,3973,2064,1909,843,375,468
"합계",중구,장충동,5326,2765,2561,4571,2406,2165,755,359,396
"합계",중구,광희동,6682,3291,3391,5202,2627,2575,1480,664,816
"합계",중구,을지로동,1912,1127,785,1661,1018,643,251,109,142
"합계",중구,신당5동,10513,5091,5422,10180,4948,5232,333,143,190
"합계",중구,황학동,13459,6338,7121,12604,5986,6618,855,352,503
"합계",중구,중림동,12338,6129,6209,12009,5966,6043,329,163,166
"합계",중구,신당동,9087,4367,4720,7618,3749,3869,1469,618,851
"합계",중구,다산동,13954,6720,7234,13474,6524,6950,480,196,284
"합계",중구,약수동,16610,7702,8908,16395,7594,8801,215,108,107
"합계",중구,청구동,13451,6375,7076,13199,6253,6946,252,122,130
"합계",중구,동화동,10199,4895,5304,10024,4813,5211,175,82,93
"합계",용산구,소계,233284,113012,120272,218650,105087,113563,14634,7925,6709
"합계",용산구,후암동,16812,8194,8618,16321,7958,8363,491,236,255
"합계",용산구,용산2가동,10333,5062,5271,9016,4364,4652,1317,698,619
"합계",용산구,남영동,7552,4545,3007,7100,4305,2795,452,240,212
"합계",용산구,원효로1동,17774,8303,9471,17144,7964,9180,630,339,291
"합계",용산구,원효로2동,13795,6499,7296,13678,6453,7225,117,46,71
"합계",용산구,효창동,10888,5174,5714,10743,5109,5634,145,65,80
"합계",용산구,용문동,11664,5585,6079,11553,5542,6011,111,43,68
"합계",용산구,이촌1동,25707,12123,13584,25070,11772,13298,637,351,286
"합계",용산구,이촌2동,8094,3774,4320,8027,3747,4280,67,27,40
"합계",용산구,이태원1동,7947,4187,3760,6117,3023,3094,1830,1164,666
"합계",용산구,이태원2동,10427,4903,5524,8731,4039,4692,1696,864,832
"합계",용산구,서빙고동,13458,6501,6957,12590,6058,6532,868,443,425
"합계",용산구,보광동,14060,7234,6826,12715,6333,6382,1345,901,444
"합계",용산구,청파동,19833,9135,10698,19094,8916,10178,739,219,520
"합계",용산구,한강로동,22886,10951,11935,21243,10086,11157,1643,865,778
"합계",용산구,한남동,22054,10842,11212,19508,9418,10090,2546,1424,1122
"합계",성동구,소계,288234,139691,148543,281000,136633,144367,7234,3058,4176
"합계",성동구,왕십리2동,16688,8018,8670,16304,7851,8453,384,167,217
"합계",성동구,마장동,22706,11130,11576,22034,10866,11168,672,264,408
"합계",성동구,사근동,14082,7029,7053,11981,6272,5709,2101,757,1344
"합계",성동구,행당1동,13996,6698,7298,13676,6567,7109,320,131,189
"합계",성동구,행당2동,23148,10789,12359,23056,10749,12307,92,40,52
"합계",성동구,응봉동,15100,7189,7911,15047,7165,7882,53,24,29
"합계",성동구,금호1가동,15137,7220,7917,15056,7187,7869,81,33,48
"합계",성동구,금호4가동,14228,6737,7491,14098,6674,7424,130,63,67
"합계",성동구,성수1가1동,16407,8159,8248,16089,7983,8106,318,176,142
"합계",성동구,성수1가2동,12322,6033,6289,12123,5937,6186,199,96,103
"합계",성동구,성수2가1동,15716,8174,7542,15256,7958,7298,460,216,244
"합계",성동구,성수2가3동,10520,5230,5290,10291,5110,5181,229,120,109
"합계",성동구,송정동,10464,5534,4930,10081,5334,4747,383,200,183
"합계",성동구,용답동,12551,6357,6194,11650,6008,5642,901,349,552
"합계",성동구,왕십리도선동,26903,12657,14246,26420,12454,13966,483,203,280
"합계",성동구,금호2.3가동,22423,10713,11710,22253,10635,11618,170,78,92
"합계",성동구,옥수동,25843,12024,13819,25585,11883,13702,258,141,117
"합계",광진구,소계,351252,168197,183055,337416,162541,174875,13836,5656,8180
"합계",광진구,화양동,27082,12379,14703,23437,11141,12296,3645,1238,2407
"합계",광진구,군자동,21524,10559,10965,19425,9603,9822,2099,956,1143
"합계",광진구,중곡1동,15663,7480,8183,15299,7322,7977,364,158,206
"합계",광진구,중곡2동,21336,10032,11304,20999,9903,11096,337,129,208
"합계",광진구,중곡3동,16177,7990,8187,15945,7897,8048,232,93,139
"합계",광진구,중곡4동,28405,13848,14557,28035,13715,14320,370,133,237
"합계",광진구,능동,11561,5308,6253,11180,5134,6046,381,174,207
"합계",광진구,구의1동,24049,11414,12635,23387,11143,12244,662,271,391
"합계",광진구,구의2동,26573,12731,13842,26043,12511,13532,530,220,310
"합계",광진구,구의3동,28440,13400,15040,28211,13309,14902,229,91,138
"합계",광진구,광장동,34362,16610,17752,34168,16524,17644,194,86,108
"합계",광진구,자양1동,22709,11005,11704,21862,10646,11216,847,359,488
"합계",광진구,자양2동,24253,11751,12502,23946,11612,12334,307,139,168
"합계",광진구,자양3동,27858,13289,14569,27553,13166,14387,305,123,182
"합계",광진구,자양4동,21260,10401,10859,17926,8915,9011,3334,1486,1848
"합계",동대문구,소계,353601,171903,181698,336644,165755,170889,16957,6148,10809
"합계",동대문구,전농1동,29220,14515,14705,28660,14310,14350,560,205,355
"합계",동대문구,전농2동,18629,8876,9753,18185,8710,9475,444,166,278
"합계",동대문구,답십리1동,28530,13741,14789,28137,13558,14579,393,183,210
"합계",동대문구,답십리2동,28055,13568,14487,27793,13448,14345,262,120,142
"합계",동대문구,장안1동,38677,19053,19624,38068,18815,19253,609,238,371
"합계",동대문구,장안2동,32685,16190,16495,32387,16081,16306,298,109,189
"합계",동대문구,회기동,13536,6131,7405,10546,5067,5479,2990,1064,1926
"합계",동대문구,휘경1동,16339,7361,8978,13931,6580,7351,2408,781,1627
"합계",동대문구,휘경2동,24666,12209,12457,23829,11906,11923,837,303,534
"합계",동대문구,이문1동,21366,10129,11237,18055,8943,9112,3311,1186,2125
"합계",동대문구,이문2동,20183,9714,10469,19677,9482,10195,506,232,274
"합계",동대문구,청량리동,19094,9476,9618,18610,9284,9326,484,192,292
"합계",동대문구,용신동,36137,17759,18378,34559,17198,17361,1578,561,1017
"합계",동대문구,제기동,26484,13181,13303,24207,12373,11834,2277,808,1469
"합계",중랑구,소계,390140,191422,198718,385318,189537,195781,4822,1885,2937
"합계",중랑구,면목2동,24206,12017,12189,23849,11879,11970,357,138,219
"합계",중랑구,면목4동,18746,9295,9451,18463,9183,9280,283,112,171
"합계",중랑구,면목5동,14836,7413,7423,14714,7373,7341,122,40,82
"합계",중랑구,면목7동,21798,10860,10938,21473,10734,10739,325,126,199
"합계",중랑구,상봉1동,23714,11491,12223,23551,11423,12128,163,68,95
"합계",중랑구,상봉2동,20612,9861,10751,20252,9729,10523,360,132,228
"합계",중랑구,중화1동,19293,9462,9831,19117,9402,9715,176,60,116
"합계",중랑구,중화2동,24926,12755,12171,24492,12580,11912,434,175,259
"합계",중랑구,묵1동,34344,16413,17931,34130,16332,17798,214,81,133
"합계",중랑구,묵2동,18624,9103,9521,18375,9011,9364,249,92,157
"합계",중랑구,망우3동,16303,8186,8117,15938,8031,7907,365,155,210
"합계",중랑구,신내1동,38205,18445,19760,38054,18373,19681,151,72,79
"합계",중랑구,신내2동,20155,9566,10589,20067,9540,10527,88,26,62
"합계",중랑구,면목본동,33856,16676,17180,33144,16396,16748,712,280,432
"합계",중랑구,면목3.8동,24617,12174,12443,24188,11992,12196,429,182,247
"합계",중랑구,망우본동,35905,17705,18200,35511,17559,17952,394,146,248
"합계",성북구,소계,441984,211246,230738,430397,206961,223436,11587,4285,7302
"합계",성북구,돈암1동,14474,6747,7727,14369,6711,7658,105,36,69
"합계",성북구,돈암2동,23657,11174,12483,23558,11133,12425,99,41,58
"합계",성북구,안암동,17118,8275,8843,14997,7570,7427,2121,705,1416
"합계",성북구,보문동,16712,7979,8733,16322,7821,8501,390,158,232
"합계",성북구,정릉1동,18197,8670,9527,17977,8590,9387,220,80,140
"합계",성북구,정릉2동,22911,11034,11877,22687,10971,11716,224,63,161
"합계",성북구,정릉3동,16567,8106,8461,15093,7511,7582,1474,595,879
"합계",성북구,정릉4동,24911,11835,13076,24431,11719,12712,480,116,364
"합계",성북구,길음1동,35000,16560,18440,34845,16498,18347,155,62,93
"합계",성북구,길음2동,21728,10450,11278,21582,10376,11206,146,74,72
"합계",성북구,월곡1동,26169,12588,13581,25950,12512,13438,219,76,143
"합계",성북구,월곡2동,19739,9442,10297,19144,9198,9946,595,244,351
"합계",성북구,장위1동,24082,11731,12351,23889,11661,12228,193,70,123
"합계",성북구,장위2동,13622,6685,6937,13389,6590,6799,233,95,138
"합계",성북구,장위3동,15868,7747,8121,15728,7676,8052,140,71,69
"합계",성북구,성북동,16889,7836,9053,16272,7579,8693,617,257,360
"합계",성북구,삼선동,23044,10866,12178,22456,10676,11780,588,190,398
"합계",성북구,동선동,15870,6523,9347,15075,6287,8788,795,236,559
"합계",성북구,종암동,40111,19599,20512,38172,18875,19297,1939,724,1215
"합계",성북구,석관동,35315,17399,17916,34461,17007,17454,854,392,462
"합계",강북구,소계,297702,144037,153665,293660,142567,151093,4042,1470,2572
"합계",강북구,번1동,18578,9270,9308,18117,9114,9003,461,156,305
"합계",강북구,번2동,15397,7415,7982,15308,7383,7925,89,32,57
"합계",강북구,번3동,16449,7677,8772,16383,7662,8721,66,15,51
"합계",강북구,수유1동,20501,10041,10460,20265,9955,10310,236,86,150
"합계",강북구,수유2동,21054,9985,11069,20908,9939,10969,146,46,100
"합계",강북구,수유3동,23778,11614,12164,22970,11341,11629,808,273,535
"합계",강북구,삼양동,23090,11486,11604,22910,11422,11488,180,64,116
"합계",강북구,미아동,21685,10360,11325,21136,10155,10981,549,205,344
"합계",강북구,송중동,29910,14335,15575,29304,14084,15220,606,251,355
"합계",강북구,송천동,25998,12830,13168,25584,12659,12925,414,171,243
"합계",강북구,삼각산동,30939,14826,16113,30830,14780,16050,109,46,63
"합계",강북구,우이동,20407,9809,10598,20244,9753,10491,163,56,107
"합계",강북구,인수동,29916,14389,15527,29701,14320,15381,215,69,146
"합계",도봉구,소계,313989,152175,161814,311694,151398,160296,2295,777,1518
"합계",도봉구,쌍문1동,21445,10155,11290,21015,10081,10934,430,74,356
"합계",도봉구,쌍문2동,18461,8798,9663,18324,8732,9592,137,66,71
"합계",도봉구,쌍문3동,16934,8127,8807,16774,8070,8704,160,57,103
"합계",도봉구,쌍문4동,18348,8654,9694,18307,8648,9659,41,6,35
"합계",도봉구,방학1동,28410,14078,14332,28172,13992,14180,238,86,152
"합계",도봉구,방학2동,19354,9755,9599,19152,9668,9484,202,87,115
"합계",도봉구,방학3동,26500,12814,13686,26428,12792,13636,72,22,50
"합계",도봉구,창1동,24502,11650,12852,24359,11599,12760,143,51,92
"합계",도봉구,창2동,28957,14039,14918,28674,13925,14749,283,114,169
"합계",도봉구,창3동,13633,6775,6858,13546,6746,6800,87,29,58
"합계",도봉구,창4동,26121,12512,13609,26016,12471,13545,105,41,64
"합계",도봉구,창5동,24343,11632,12711,24226,11598,12628,117,34,83
"합계",도봉구,도봉1동,20622,10301,10321,20470,10246,10224,152,55,97
"합계",도봉구,도봉2동,26359,12885,13474,26231,12830,13401,128,55,73
"합계",노원구,소계,508014,244010,264004,503734,242145,261589,4280,1865,2415
"합계",노원구,월계1동,21580,11099,10481,20916,10765,10151,664,334,330
"합계",노원구,월계2동,26066,12522,13544,25925,12472,13453,141,50,91
"합계",노원구,월계3동,29384,14025,15359,29205,13955,15250,179,70,109
"합계",노원구,공릉1동,37184,18057,19127,36462,17699,18763,722,358,364
"합계",노원구,공릉2동,42538,20702,21836,41828,20411,21417,710,291,419
"합계",노원구,하계1동,26982,12896,14086,26441,12643,13798,541,253,288
"합계",노원구,하계2동,21642,10253,11389,21593,10232,11361,49,21,28
"합계",노원구,중계본동,23477,11395,12082,23423,11378,12045,54,17,37
"합계",노원구,중계1동,26580,12953,13627,26480,12917,13563,100,36,64
"합계",노원구,중계4동,19601,9426,10175,19497,9358,10139,104,68,36
"합계",노원구,상계1동,37857,18275,19582,37707,18223,19484,150,52,98
"합계",노원구,상계2동,19629,9644,9985,19466,9569,9897,163,75,88
"합계",노원구,상계5동,23737,11490,12247,23605,11446,12159,132,44,88
"합계",노원구,상계8동,22344,10644,11700,22292,10630,11662,52,14,38
"합계",노원구,상계9동,20071,9394,10677,19979,9363,10616,92,31,61
"합계",노원구,상계10동,18477,8524,9953,18424,8503,9921,53,21,32
"합계",노원구,중계2.3동,33497,15316,18181,33366,15274,18092,131,42,89
"합계",노원구,상계3.4동,25324,12606,12718,25211,12568,12643,113,38,75
"합계",노원구,상계6.7동,32044,14789,17255,31914,14739,17175,130,50,80
"합계",은평구,소계,470602,224163,246439,466746,222592,244154,3856,1571,2285
"합계",은평구,녹번동,36884,17348,19536,36515,17179,19336,369,169,200
"합계",은평구,불광1동,38265,18015,20250,38002,17903,20099,263,112,151
"합계",은평구,불광2동,27280,13168,14112,27036,13072,13964,244,96,148
"합계",은평구,갈현1동,17151,8374,8777,16988,8304,8684,163,70,93
"합계",은평구,갈현2동,28176,13301,14875,27907,13195,14712,269,106,163
"합계",은평구,구산동,32020,15623,16397,31815,15534,16281,205,89,116
"합계",은평구,대조동,26862,12449,14413,26542,12322,14220,320,127,193
"합계",은평구,응암1동,33279,15628,17651,32957,15493,17464,322,135,187
"합계",은평구,응암2동,28016,13572,14444,27828,13488,14340,188,84,104
"합계",은평구,응암3동,24313,11752,12561,23960,11608,12352,353,144,209
"합계",은평구,신사1동,26984,12930,14054,26779,12860,13919,205,70,135
"합계",은평구,신사2동,19497,9658,9839,19370,9618,9752,127,40,87
"합계",은평구,증산동,18647,9098,9549,18500,9027,9473,147,71,76
"합계",은평구,수색동,13210,6450,6760,13137,6422,6715,73,28,45
"합계",은평구,진관동,55034,25720,29314,54821,25639,29182,213,81,132
"합계",은평구,역촌동,44984,21077,23907,44589,20928,23661,395,149,246
"합계",서대문구,소계,319554,150094,169460,306337,145816,160521,13217,4278,8939
"합계",서대문구,천연동,17031,8070,8961,16813,7954,8859,218,116,102
"합계",서대문구,홍제1동,24674,11507,13167,24428,11409,13019,246,98,148
"합계",서대문구,홍제2동,13433,6272,7161,13326,6229,7097,107,43,64
"합계",서대문구,홍제3동,17890,8583,9307,17719,8510,9209,171,73,98
"합계",서대문구,홍은1동,22825,11026,11799,22584,10937,11647,241,89,152
"합계",서대문구,홍은2동,27499,13102,14397,26733,12817,13916,766,285,481
"합계",서대문구,남가좌1동,16884,8090,8794,16655,7995,8660,229,95,134
"합계",서대문구,남가좌2동,30508,14468,16040,29301,14086,15215,1207,382,825
"합계",서대문구,북가좌1동,17804,8528,9276,17703,8487,9216,101,41,60
"합계",서대문구,북가좌2동,31244,15161,16083,30931,15050,15881,313,111,202
"합계",서대문구,충현동,20316,9744,10572,19863,9534,10329,453,210,243
"합계",서대문구,북아현동,15875,7597,8278,15571,7471,8100,304,126,178
"합계",서대문구,신촌동,26143,10232,15911,20297,8863,11434,5846,1369,4477
"합계",서대문구,연희동,37428,17714,19714,34413,16474,17939,3015,1240,1775
"합계",마포구,소계,375585,175006,200579,364638,171043,193595,10947,3963,6984
"합계",마포구,용강동,21786,10318,11468,21340,10098,11242,446,220,226
"합계",마포구,대흥동,16177,7558,8619,14495,7040,7455,1682,518,1164
"합계",마포구,염리동,17633,8269,9364,16758,8011,8747,875,258,617
"합계",마포구,신수동,22672,11010,11662,22286,10864,11422,386,146,240
"합계",마포구,서교동,26674,11825,14849,24528,11194,13334,2146,631,1515
"합계",마포구,합정동,17064,7836,9228,16702,7706,8996,362,130,232
"합계",마포구,망원1동,19757,9246,10511,19452,9115,10337,305,131,174
"합계",마포구,망원2동,18449,8596,9853,18250,8531,9719,199,65,134
"합계",마포구,연남동,15603,7334,8269,14614,6933,7681,989,401,588
"합계",마포구,성산1동,19079,8931,10148,18726,8778,9948,353,153,200
"합계",마포구,성산2동,39500,17621,21879,39192,17532,21660,308,89,219
"합계",마포구,상암동,30837,14537,16300,30146,14224,15922,691,313,378
"합계",마포구,도화동,21118,10071,11047,20871,9953,10918,247,118,129
"합계",마포구,서강동,25576,12069,13507,24749,11817,12932,827,252,575
"합계",마포구,공덕동,37476,17576,19900,36835,17257,19578,641,319,322
"합계",마포구,아현동,26184,12209,13975,25694,11990,13704,490,219,271
"합계",양천구,소계,444010,216975,227035,440881,215682,225199,3129,1293,1836
"합계",양천구,목1동,30536,14684,15852,30407,14619,15788,129,65,64
"합계",양천구,목2동,29641,14341,15300,29428,14262,15166,213,79,134
"합계",양천구,목3동,21719,10336,11383,21587,10280,11307,132,56,76
"합계",양천구,목4동,25018,12233,12785,24849,12161,12688,169,72,97
"합계",양천구,목5동,40737,20192,20545,40637,20152,20485,100,40,60
"합계",양천구,신월1동,20343,10389,9954,20078,10287,9791,265,102,163
"합계",양천구,신월2동,20569,10052,10517,20413,9990,10423,156,62,94
"합계",양천구,신월3동,14934,7858,7076,14748,7769,6979,186,89,97
"합계",양천구,신월4동,17698,8598,9100,17604,8572,9032,94,26,68
"합계",양천구,신월5동,14461,7160,7301,14334,7112,7222,127,48,79
"합계",양천구,신월6동,13816,6733,7083,13759,6711,7048,57,22,35
"합계",양천구,신월7동,19199,9339,9860,19068,9308,9760,131,31,100
"합계",양천구,신정1동,19962,9720,10242,19856,9667,10189,106,53,53
"합계",양천구,신정2동,19003,9325,9678,18906,9279,9627,97,46,51
"합계",양천구,신정3동,50587,24488,26099,50235,24336,25899,352,152,200
"합계",양천구,신정4동,33056,16052,17004,32416,15785,16631,640,267,373
"합계",양천구,신정6동,24152,11745,12407,24131,11736,12395,21,9,12
"합계",양천구,신정7동,28579,13730,14849,28425,13656,14769,154,74,80
"합계",강서구,소계,574638,275585,299053,569166,273203,295963,5472,2382,3090
"합계",강서구,염창동,41628,20027,21601,41506,19964,21542,122,63,59
"합계",강서구,등촌1동,24991,11484,13507,24762,11406,13356,229,78,151
"합계",강서구,등촌2동,19855,9642,10213,19738,9596,10142,117,46,71
"합계",강서구,등촌3동,30025,14204,15821,29854,14136,15718,171,68,103
"합계",강서구,화곡본동,34121,16469,17652,33732,16315,17417,389,154,235
"합계",강서구,화곡1동,52647,25493,27154,51705,25109,26596,942,384,558
"합계",강서구,화곡2동,17785,8556,9229,17514,8453,9061,271,103,168
"합계",강서구,화곡3동,21603,10280,11323,21459,10227,11232,144,53,91
"합계",강서구,화곡4동,20514,10050,10464,20237,9933,10304,277,117,160
"합계",강서구,화곡6동,25303,12116,13187,25027,12019,13008,276,97,179
"합계",강서구,화곡8동,24415,11757,12658,24010,11575,12435,405,182,223
"합계",강서구,가양1동,34359,15651,18708,34085,15526,18559,274,125,149
"합계",강서구,가양2동,13902,6539,7363,13812,6516,7296,90,23,67
"합계",강서구,가양3동,14678,6805,7873,14579,6761,7818,99,44,55
"합계",강서구,발산1동,36236,17147,19089,35944,16960,18984,292,187,105
"합계",강서구,공항동,30927,15635,15292,30372,15339,15033,555,296,259
"합계",강서구,방화1동,42851,20870,21981,42616,20759,21857,235,111,124
"합계",강서구,방화2동,23371,11541,11830,23123,11425,11698,248,116,132
"합계",강서구,방화3동,22544,10840,11704,22412,10794,11618,132,46,86
"합계",강서구,우장산동,42883,20479,22404,42679,20390,22289,204,89,115
"합계",구로구,소계,418418,206632,211786,395315,194274,201041,23103,12358,10745
"합계",구로구,신도림동,36138,17484,18654,35821,17341,18480,317,143,174
"합계",구로구,구로1동,20936,10226,10710,20633,10080,10553,303,146,157
"합계",구로구,구로2동,30093,15427,14666,23131,11654,11477,6962,3773,3189
"합계",구로구,구로3동,25055,12928,12127,23419,12075,11344,1636,853,783
"합계",구로구,구로4동,23052,11398,11654,19192,9279,9913,3860,2119,1741
"합계",구로구,구로5동,31740,15429,16311,29271,14153,15118,2469,1276,1193
"합계",구로구,고척1동,25636,12810,12826,25318,12649,12669,318,161,157
"합계",구로구,고척2동,26557,13100,13457,26129,12899,13230,428,201,227
"합계",구로구,개봉1동,34105,16969,17136,33360,16603,16757,745,366,379
"합계",구로구,개봉2동,30665,14921,15744,30273,14738,15535,392,183,209
"합계",구로구,개봉3동,20251,9844,10407,19887,9664,10223,364,180,184
"합계",구로구,오류1동,23126,11071,12055,22541,10798,11743,585,273,312
"합계",구로구,오류2동,38528,18437,20091,37958,18151,19807,570,286,284
"합계",구로구,수궁동,23332,11452,11880,23039,11318,11721,293,134,159
"합계",구로구,가리봉동,12653,7105,5548,8936,4899,4037,3717,2206,1511
"합계",구로구,항동,16551,8031,8520,16407,7973,8434,144,58,86
"합계",금천구,소계,242818,122775,120043,229642,115786,113856,13176,6989,6187
"합계",금천구,가산동,26569,14396,12173,24211,13043,11168,2358,1353,1005
"합계",금천구,독산1동,47573,24313,23260,45881,23430,22451,1692,883,809
"합계",금천구,독산2동,19562,9885,9677,18223,9200,9023,1339,685,654
"합계",금천구,독산3동,27239,13801,13438,24034,12025,12009,3205,1776,1429
"합계",금천구,독산4동,16432,8274,8158,14885,7489,7396,1547,785,762
"합계",금천구,시흥1동,34054,17006,17048,32460,16192,16268,1594,814,780
"합계",금천구,시흥2동,20832,9967,10865,20717,9916,10801,115,51,64
"합계",금천구,시흥3동,10701,5297,5404,10545,5225,5320,156,72,84
"합계",금천구,시흥4동,20614,10198,10416,19977,9885,10092,637,313,324
"합계",금천구,시흥5동,19242,9638,9604,18709,9381,9328,533,257,276
"합계",영등포구,소계,398085,196264,201821,375675,184660,191015,22410,11604,10806
"합계",영등포구,여의동,32923,15459,17464,32555,15278,17277,368,181,187
"합계",영등포구,당산1동,20740,10080,10660,20373,9930,10443,367,150,217
"합계",영등포구,당산2동,37102,17300,19802,36716,17132,19584,386,168,218
"합계",영등포구,양평1동,18704,9051,9653,18394,8929,9465,310,122,188
"합계",영등포구,양평2동,22583,10990,11593,22379,10909,11470,204,81,123
"합계",영등포구,신길1동,20483,10385,10098,19152,9703,9449,1331,682,649
"합계",영등포구,신길3동,17281,8573,8708,16351,8073,8278,930,500,430
"합계",영등포구,신길4동,13016,6478,6538,12304,6099,6205,712,379,333
"합계",영등포구,신길5동,11212,5476,5736,10230,4970,5260,982,506,476
"합계",영등포구,신길6동,19593,9601,9992,18874,9239,9635,719,362,357
"합계",영등포구,신길7동,19899,9898,10001,19718,9809,9909,181,89,92
"합계",영등포구,대림1동,16506,8330,8176,14158,7043,7115,2348,1287,1061
"합계",영등포구,대림2동,17523,8946,8577,11855,5832,6023,5668,3114,2554
"합계",영등포구,대림3동,25205,12623,12582,21878,10905,10973,3327,1718,1609
"합계",영등포구,영등포본동,22714,11647,11067,21008,10768,10240,1706,879,827
"합계",영등포구,영등포동,30461,15665,14796,29728,15334,14394,733,331,402
"합계",영등포구,도림동,19600,9869,9731,17671,8918,8753,1929,951,978
"합계",영등포구,문래동,32540,15893,16647,32331,15789,16542,209,104,105
"합계",동작구,소계,390432,188080,202352,380596,184030,196566,9836,4050,5786
"합계",동작구,노량진1동,32114,16163,15951,31670,15982,15688,444,181,263
"합계",동작구,노량진2동,11234,5806,5428,10520,5448,5072,714,358,356
"합계",동작구,상도1동,46166,22174,23992,44206,21464,22742,1960,710,1250
"합계",동작구,상도2동,27982,13339,14643,27695,13236,14459,287,103,184
"합계",동작구,상도3동,24456,11621,12835,24094,11461,12633,362,160,202
"합계",동작구,상도4동,28564,13835,14729,28227,13719,14508,337,116,221
"합계",동작구,사당1동,23009,11020,11989,22561,10829,11732,448,191,257
"합계",동작구,사당2동,28786,13773,15013,28440,13626,14814,346,147,199
"합계",동작구,사당3동,24189,11710,12479,24001,11623,12378,188,87,101
"합계",동작구,사당4동,14185,6784,7401,14016,6703,7313,169,81,88
"합계",동작구,사당5동,14434,6915,7519,14334,6869,7465,100,46,54
"합계",동작구,대방동,37056,17509,19547,36733,17352,19381,323,157,166
"합계",동작구,신대방1동,25118,12096,13022,23364,11199,12165,1754,897,857
"합계",동작구,신대방2동,22445,10732,11713,22218,10639,11579,227,93,134
"합계",동작구,흑석동,30694,14603,16091,28517,13880,14637,2177,723,1454
"합계",관악구,소계,501226,250687,250539,486752,244748,242004,14474,5939,8535
"합계",관악구,남현동,18163,8767,9396,17962,8688,9274,201,79,122
"합계",관악구,보라매동,24660,12093,12567,24221,11894,12327,439,199,240
"합계",관악구,청림동,15005,7239,7766,14901,7201,7700,104,38,66
"합계",관악구,행운동,29636,14246,15390,29132,14084,15048,504,162,342
"합계",관악구,낙성대동,17928,8954,8974,17334,8712,8622,594,242,352
"합계",관악구,중앙동,15685,7523,8162,15317,7389,7928,368,134,234
"합계",관악구,인헌동,26119,12636,13483,25725,12484,13241,394,152,242
"합계",관악구,서원동,23511,12233,11278,22786,11934,10852,725,299,426
"합계",관악구,신원동,18620,9343,9277,17847,9038,8809,773,305,468
"합계",관악구,서림동,24361,13348,11013,23436,13020,10416,925,328,597
"합계",관악구,신사동,24719,12348,12371,22646,11357,11289,2073,991,1082
"합계",관악구,신림동,23877,12501,11376,23081,12208,10873,796,293,503
"합계",관악구,난향동,15050,7374,7676,14926,7308,7618,124,66,58
"합계",관악구,조원동,20490,10237,10253,19141,9581,9560,1349,656,693
"합계",관악구,대학동,26301,15429,10872,24015,14597,9418,2286,832,1454
"합계",관악구,은천동,33156,16155,17001,32710,15983,16727,446,172,274
"합계",관악구,성현동,28830,13882,14948,28640,13804,14836,190,78,112
"합계",관악구,청룡동,37132,17773,19359,36075,17368,18707,1057,405,652
"합계",관악구,난곡동,26679,13332,13347,26240,13150,13090,439,182,257
"합계",관악구,삼성동,20642,10275,10367,20501,10215,10286,141,60,81
"합계",관악구,미성동,30662,14999,15663,30116,14733,15383,546,266,280
"합계",서초구,소계,408451,195168,213283,404325,193159,211166,4126,2009,2117
"합계",서초구,서초1동,20622,9966,10656,20429,9880,10549,193,86,107
"합계",서초구,서초2동,26932,12845,14087,26473,12590,13883,459,255,204
"합계",서초구,서초3동,32379,15384,16995,32045,15242,16803,334,142,192
"합계",서초구,서초4동,30521,14906,15615,30270,14779,15491,251,127,124
"합계",서초구,잠원동,26393,12712,13681,26204,12625,13579,189,87,102
"합계",서초구,반포본동,292,144,148,275,132,143,17,12,5
"합계",서초구,반포1동,34443,16760,17683,34077,16608,17469,366,152,214
"합계",서초구,반포2동,15742,7489,8253,15642,7445,8197,100,44,56
"합계",서초구,반포3동,22773,10853,11920,22716,10828,11888,57,25,32
"합계",서초구,반포4동,19486,9208,10278,18790,8824,9966,696,384,312
"합계",서초구,방배본동,20778,9624,11154,20614,9533,11081,164,91,73
"합계",서초구,방배1동,16883,7891,8992,16726,7824,8902,157,67,90
"합계",서초구,방배2동,18553,8674,9879,18444,8615,9829,109,59,50
"합계",서초구,방배3동,17321,8333,8988,17221,8286,8935,100,47,53
"합계",서초구,방배4동,23429,10689,12740,23115,10544,12571,314,145,169
"합계",서초구,양재1동,42683,20354,22329,42338,20198,22140,345,156,189
"합계",서초구,양재2동,21766,10889,10877,21547,10784,10763,219,105,114
"합계",서초구,내곡동,17455,8447,9008,17399,8422,8977,56,25,31
"합계",강남구,소계,534103,255363,278740,529102,253072,276030,5001,2291,2710
"합계",강남구,신사동,15876,7385,8491,15622,7261,8361,254,124,130
"합계",강남구,논현1동,22080,10356,11724,21395,10086,11309,685,270,415
"합계",강남구,논현2동,20814,9734,11080,20502,9592,10910,312,142,170
"합계",강남구,삼성1동,12739,6285,6454,12483,6121,6362,256,164,92
"합계",강남구,삼성2동,31062,14940,16122,30810,14803,16007,252,137,115
"합계",강남구,대치1동,23846,11956,11890,23810,11934,11876,36,22,14
"합계",강남구,대치2동,37098,18750,18348,36946,18657,18289,152,93,59
"합계",강남구,대치4동,19491,9239,10252,19206,9137,10069,285,102,183
"합계",강남구,역삼1동,35556,17253,18303,34485,16802,17683,1071,451,620
"합계",강남구,역삼2동,37269,17432,19837,36930,17276,19654,339,156,183
"합계",강남구,도곡1동,21274,10070,11204,21126,9996,11130,148,74,74
"합계",강남구,도곡2동,32846,15248,17598,32753,15195,17558,93,53,40
"합계",강남구,개포1동,6922,3349,3573,6901,3339,3562,21,10,11
"합계",강남구,개포2동,29032,14075,14957,28947,14040,14907,85,35,50
"합계",강남구,개포3동,17382,8396,8986,17318,8369,8949,64,27,37
"합계",강남구,개포4동,23639,11389,12250,23472,11324,12148,167,65,102
"합계",강남구,일원본동,23015,11398,11617,22988,11386,11602,27,12,15
"합계",강남구,일원1동,14987,7262,7725,14850,7214,7636,137,48,89
"합계",강남구,수서동,14402,6500,7902,14346,6481,7865,56,19,37
"합계",강남구,세곡동,43382,20445,22937,43208,20366,22842,174,79,95
"합계",강남구,압구정동,25902,11961,13941,25749,11878,13871,153,83,70
"합계",강남구,청담동,25489,11940,13549,25255,11815,13440,234,125,109
"합계",송파구,소계,664514,319743,344771,658801,317180,341621,5713,2563,3150
"합계",송파구,풍납1동,12910,6332,6578,12386,6061,6325,524,271,253
"합계",송파구,풍납2동,24426,11571,12855,24241,11494,12747,185,77,108
"합계",송파구,거여1동,12255,6150,6105,12181,6128,6053,74,22,52
"합계",송파구,거여2동,23745,11589,12156,23653,11549,12104,92,40,52
"합계",송파구,마천1동,18618,9528,9090,18479,9480,8999,139,48,91
"합계",송파구,마천2동,18150,9280,8870,17995,9212,8783,155,68,87
"합계",송파구,방이1동,15460,7465,7995,15361,7423,7938,99,42,57
"합계",송파구,방이2동,26354,12077,14277,25795,11841,13954,559,236,323
"합계",송파구,오륜동,17804,8692,9112,17784,8680,9104,20,12,8
"합계",송파구,오금동,38037,18479,19558,37800,18361,19439,237,118,119
"합계",송파구,송파1동,24008,11221,12787,23693,11070,12623,315,151,164
"합계",송파구,송파2동,18947,9120,9827,18806,9048,9758,141,72,69
"합계",송파구,석촌동,31602,14973,16629,31054,14740,16314,548,233,315
"합계",송파구,삼전동,29912,13943,15969,29526,13799,15727,386,144,242
"합계",송파구,가락본동,25883,12824,13059,25616,12698,12918,267,126,141
"합계",송파구,가락1동,27521,13341,14180,27387,13279,14108,134,62,72
"합계",송파구,가락2동,31670,15468,16202,31501,15394,16107,169,74,95
"합계",송파구,문정1동,19916,9814,10102,19743,9736,10007,173,78,95
"합계",송파구,문정2동,28841,13189,15652,28645,13108,15537,196,81,115
"합계",송파구,장지동,29102,14013,15089,28949,13950,14999,153,63,90
"합계",송파구,잠실본동,28358,13502,14856,27842,13270,14572,516,232,284
"합계",송파구,잠실2동,34876,16655,18221,34758,16584,18174,118,71,47
"합계",송파구,잠실3동,34143,16226,17917,34009,16158,17851,134,68,66
"합계",송파구,잠실4동,21223,10222,11001,21157,10189,10968,66,33,33
"합계",송파구,잠실6동,16713,7934,8779,16555,7840,8715,158,94,64
"합계",송파구,잠실7동,9427,4392,5035,9408,4383,5025,19,9,10
"합계",송파구,위례동,44613,21743,22870,44477,21705,22772,136,38,98
"합계",강동구,소계,464037,226975,237062,460067,225221,234846,3970,1754,2216
"합계",강동구,명일1동,25641,12480,13161,25558,12452,13106,83,28,55
"합계",강동구,명일2동,17327,8457,8870,17270,8435,8835,57,22,35
"합계",강동구,고덕1동,23919,12158,11761,23812,12089,11723,107,69,38
"합계",강동구,고덕2동,22764,11491,11273,22596,11385,11211,168,106,62
"합계",강동구,암사1동,34271,16930,17341,33989,16819,17170,282,111,171
"합계",강동구,암사2동,15069,7295,7774,15005,7269,7736,64,26,38
"합계",강동구,암사3동,17481,8543,8938,17433,8520,8913,48,23,25
"합계",강동구,천호1동,26670,13070,13600,26435,12985,13450,235,85,150
"합계",강동구,천호2동,33825,16520,17305,33202,16240,16962,623,280,343
"합계",강동구,천호3동,26679,12926,13753,26210,12682,13528,469,244,225
"합계",강동구,성내1동,19900,9556,10344,19761,9502,10259,139,54,85
"합계",강동구,성내2동,23528,11564,11964,22980,11296,11684,548,268,280
"합계",강동구,성내3동,23071,11256,11815,22765,11127,11638,306,129,177
"합계",강동구,둔촌1동,73,39,34,64,35,29,9,4,5
"합계",강동구,둔촌2동,24277,11921,12356,24171,11876,12295,106,45,61
"합계",강동구,길동,45374,22087,23287,45032,21960,23072,342,127,215
"합계",강동구,강일동,33057,15835,17222,32866,15783,17083,191,52,139
"합계",강동구,상일1동,39178,19276,19902,39036,19212,19824,142,64,78
"합계",강동구,상일2동,11933,5571,6362,11882,5554,6328,51,17,34
